created_at;id_str;full_text;quote_count;reply_count;retweet_count;favorite_count;lang;user_id_str;conversation_id_str;username;tweet_url
Tue Feb 28 23:38:46 +0000 2023;1630714157426266117;"Kylian Mbappe performs complete U-turn on Cristiano Ronaldo and Lionel Messi debate. https://t.co/qUuo3tHkEe";2;47;54;1629;en;435225922;1630714157426266117;sportbible;https://twitter.com/sportbible/status/1630714157426266117
Tue Feb 28 23:31:01 +0000 2023;1630712204399112192;"When Lewandowski lost the Ballon D'Or to Messi in 2021, he didn't do this sort of disrespectful nonsense shenanigans on social media, and also didn't make himself look insecure.  And then there's Benzema, taking a page out of Ronaldo's insecurity book.";7;18;76;974;en;1429026737485225984;1630712204399112192;CourageFCB;https://twitter.com/CourageFCB/status/1630712204399112192
Tue Feb 28 23:00:00 +0000 2023;1630704398262317056;"Cristiano Ronaldo's comment on his teammates doing the "sleep" celebration. ğŸ˜‚ https://t.co/Sw2iZDiqNH";2;25;465;12482;en;2427599888;1630704398262317056;TimelineCR7;https://twitter.com/TimelineCR7/status/1630704398262317056
Tue Feb 28 22:52:50 +0000 2023;1630702595055443974;"Canâ€™t even be annoyed by this bizarre tweet from Piers. This Arsenal fan saved our season by helping Ronaldo force his way out of the club. Weâ€™ll forever be indebted to him for that interview. Thank you, Piers ğŸ™";1;25;115;1447;en;19914889;1630702595055443974;R_o_M;https://twitter.com/R_o_M/status/1630702595055443974
Tue Feb 28 22:49:40 +0000 2023;1630701798368354308;"@eurofootcom He's moving like Ronaldo nowğŸ˜‚ Never have i seen Messi post his accomplishments in a year he didn't win a ballon d'or or fifa the bestğŸ˜‚ Messi finished fifth in rankings despite having the most goals, most assist, won the golden boot, etc buh he never cried about it";2;17;110;1678;en;1048269323381481472;1630700783258697729;Olabosipo9;https://twitter.com/Olabosipo9/status/1630701798368354308
Tue Feb 28 22:43:16 +0000 2023;1630700186300305408;"ğŸš¨| Cristiano Ronaldo is now set to receive a Carabao Cup medal from Manchester United.";60;65;130;2333;en;271502261;1630700186300305408;zeeshanxz;https://twitter.com/zeeshanxz/status/1630700186300305408
Tue Feb 28 22:32:55 +0000 2023;1630697583239725057;"Alvaro Fernandez:  "Cristiano Ronaldo is very nice to young players, and is very close to them." https://t.co/rkdSgTSEuN";2;9;130;3687;en;851933132970438656;1630697583239725057;IconicCristiano;https://twitter.com/IconicCristiano/status/1630697583239725057
Tue Feb 28 22:00:01 +0000 2023;1630689302488420353;"How many TOTWs is Ronaldo ğŸ‡µğŸ‡¹ going to accumulate next year then? ğŸ˜‚  2 hat-tricks so far âš½ï¸ #FIFA23 https://t.co/Zz5bpNMqpn";2;23;11;955;en;1299384374832574464;1630689302488420353;DonkTrading;https://twitter.com/DonkTrading/status/1630689302488420353
Tue Feb 28 21:03:55 +0000 2023;1630675186063228929;"BREAKING: With 10 goalscoring contributions in just 4 matches, Cristiano Ronaldo wins Player of the Month of February in Saudi Arabia ğŸ’› https://t.co/w2gWq0H2Di";0;25;90;1157;en;3363696155;1630675186063228929;slay_jimmy;https://twitter.com/slay_jimmy/status/1630675186063228929
Tue Feb 28 20:25:44 +0000 2023;1630665577369837660;"Do you like Cristiano Ronaldo? Do you like him because he played for Real Madrid?  Vitor Roque: "Not because he played for Madrid, but I like him because of his competitive mentality and his work on physical preparation. For me that is fundamental." https://t.co/XawYP1Tl1T";13;59;90;3408;en;885972982052597761;1630665577369837660;BarcaUniversal;https://twitter.com/BarcaUniversal/status/1630665577369837660
Tue Feb 28 20:19:36 +0000 2023;1630664033647861763;"Cristiano Ronaldo is the only player to win UEFA the best award 3 times   Always earned his awards even with the system against him ğŸ https://t.co/HinbRDtsrt";13;131;481;7214;en;1514045582968598530;1630664033647861763;CFC_Janty;https://twitter.com/CFC_Janty/status/1630664033647861763
Tue Feb 28 20:12:48 +0000 2023;1630662321608482816;"Cristiano Ronaldo is the Saudi Pro League Player of the Month ğŸ‘";14;94;178;4615;en;73840916;1630662321608482816;GoalNews;https://twitter.com/GoalNews/status/1630662321608482816
Tue Feb 28 19:45:56 +0000 2023;1630655562659536907;"Cristiano Ronaldo training today. ğŸ”¥ https://t.co/if8hqFDmW5";1;9;83;1363;en;2427599888;1630655562659536907;TimelineCR7;https://twitter.com/TimelineCR7/status/1630655562659536907
Tue Feb 28 19:40:00 +0000 2023;1630654066517848064;"Between 1994 and 1999, Ronaldo scored 115 goals in 134 games before his first knee injury. The greatest. https://t.co/EV9LI15xUP";58;83;467;5259;en;872191892;1630654066517848064;90sfootball;https://twitter.com/90sfootball/status/1630654066517848064
Tue Feb 28 19:33:37 +0000 2023;1630652461974208512;"Ronaldo said donâ€™t forget that the king of football is Black https://t.co/RcwFkgvHe9";15;8;148;983;en;45646060;1630652461974208512;_Zeets;https://twitter.com/_Zeets/status/1630652461974208512
Tue Feb 28 18:46:17 +0000 2023;1630640548284383245;"Danny Simpson on Ronaldo changing the course of his date with Miss California  ğŸ˜‚ğŸ¤£ğŸ˜‚ https://t.co/fXn7Q33HFp";115;109;383;5737;en;956854606398742528;1630640548284383245;UndrTheCosh;https://twitter.com/UndrTheCosh/status/1630640548284383245
Tue Feb 28 18:38:45 +0000 2023;1630638654249943052;"I hope this boy gets sacked from Man U soon Many better kids in the academy to replace him so he can focus on d!ck riding Ronaldo https://t.co/4qLanHv879";11;234;109;2204;en;1152717715028811776;1630638654249943052;BenopaOnyx1;https://twitter.com/BenopaOnyx1/status/1630638654249943052
Tue Feb 28 18:37:15 +0000 2023;1630638275017752599;"2 months in and Cristiano Ronaldo has already made Al Nassr one of the most popular clubs in the world. https://t.co/Rh4lxCKbj8";50;182;1176;12561;en;2427599888;1630638275017752599;TimelineCR7;https://twitter.com/TimelineCR7/status/1630638275017752599
Tue Feb 28 18:25:14 +0000 2023;1630635251625246720;"Wake me up when Ronaldo gets the streets like this. https://t.co/rNvgqGsI8C";10;46;1103;14973;en;1475690842186604546;1630635251625246720;BlancoYMessiii;https://twitter.com/BlancoYMessiii/status/1630635251625246720
Tue Feb 28 18:15:42 +0000 2023;1630632850990026754;"ğŸš¨ğŸš¨| BREAKING: Cristiano Ronaldoâ€™s rape accuser go pay $626k for lying and making fraud rape documents and the accusers lawyer go $335k for damages. https://t.co/IeUKILCZm4";38;17;113;580;en;3406224885;1630632850990026754;ManUtdInPidgin;https://twitter.com/ManUtdInPidgin/status/1630632850990026754
Tue Feb 28 17:52:20 +0000 2023;1630626971263860737;"You can keep your rigged awards and trophies. But you will NEVER have Ronaldoâ€™s GOAT aura.  https://t.co/1L4GZWic6k";214;311;167;2426;en;1229600073295618048;1630626971263860737;CristianoXtra_;https://twitter.com/CristianoXtra_/status/1630626971263860737
Tue Feb 28 17:51:11 +0000 2023;1630626684767707137;"Garnacho telling us that rigged awards don't mean anything. Cristiano Ronaldo is the Greatest of all time. https://t.co/i4sS968erW";81;413;2634;36063;en;1431309811807756330;1630626684767707137;MadridPreeti;https://twitter.com/MadridPreeti/status/1630626684767707137
Tue Feb 28 17:49:06 +0000 2023;1630626157493092353;"People surprised Ronaldo is innocent? ğŸ˜­  She made fake documents, the moment you have to forge documents is when you know it was all to bring him down.";7;37;287;2440;en;1203440012106326017;1630626157493092353;Vettel_AMR;https://twitter.com/Vettel_AMR/status/1630626157493092353
Tue Feb 28 17:28:32 +0000 2023;1630620983815028749;"Since we are all fighting against homosexuality, lemme drop this here ğŸ˜€ğŸ˜€ğŸ˜€   https://t.co/N2nf29USS4";6;37;109;414;en;1182627845291630594;1630620983815028749;Ghana_Ronaldo;https://twitter.com/Ghana_Ronaldo/status/1630620983815028749
Tue Feb 28 17:26:15 +0000 2023;1630620407022731276;"ğŸš¨ Cristiano Ronaldo is the only player to be the Best in three different decades ğŸ https://t.co/fC5R77MaJj";2;46;381;6553;en;1112077071071805442;1630620407022731276;NoodleHairCR7;https://twitter.com/NoodleHairCR7/status/1630620407022731276
Tue Feb 28 17:25:31 +0000 2023;1630620224914440213;"Cristiano Ronaldo wins the Saudi Pro League Player of the Month with no Pre Season. GOAT for a reasonğŸ https://t.co/36BT7SGrHs";0;22;93;973;en;1267067442884481027;1630620224914440213;the_marcoli_boy;https://twitter.com/the_marcoli_boy/status/1630620224914440213
Tue Feb 28 17:19:49 +0000 2023;1630618790512738304;"Tears in my eyes, Cristiano Ronaldo is actually bigger than Manchester United ğŸ˜­ https://t.co/dbj5GDvMCH";4;23;95;1019;en;1396816952392396801;1630618790512738304;EverythingCR7_;https://twitter.com/EverythingCR7_/status/1630618790512738304
Tue Feb 28 17:15:31 +0000 2023;1630617706436214788;"â—ï¸ğŸ¤© Cristiano Ronaldo has been named the Saudi Arabian league's best player of the month for February. https://t.co/YTbAS1v3HQ";2;14;270;2628;en;1429936252665618451;1630617706436214788;CR7_PORFC;https://twitter.com/CR7_PORFC/status/1630617706436214788
Tue Feb 28 17:10:45 +0000 2023;1630616506122878981;"Gabriel Menino {Palmeiras player}:  "I spoke to a nutritionist in Palmeiras and asked him to put me on Cristiano Ronaldo's diet, but I was going to die from this diet."  ğŸ˜‚ğŸ˜­ https://t.co/c8UFwJACgJ";19;36;330;5379;en;851933132970438656;1630616506122878981;IconicCristiano;https://twitter.com/IconicCristiano/status/1630616506122878981
Tue Feb 28 17:00:46 +0000 2023;1630613993655091217;"Ronaldo's ğ†ğğ€ğ“ behaviour is rewarded with February's ğ—•ğ—²ğ˜€ğ˜ ğ—£ğ—¹ğ—®ğ˜†ğ—²ğ—¿ ğ—”ğ˜„ğ—®ğ—¿ğ—± ğŸ  #RoshnSaudiLeague | #CR7ğ“ƒµ | @AlNassrFC_EN   https://t.co/IeP8GOieys";5;17;244;1204;en;834680656428986368;1630613993655091217;SPL_EN;https://twitter.com/SPL_EN/status/1630613993655091217
Tue Feb 28 17:00:03 +0000 2023;1630613813727838210;"It could be the first time in 7 YEARS that Messi ğŸ‡¦ğŸ‡· &amp  Ronaldo ğŸ‡µğŸ‡¹ are in the same TOTW  ğŸ¥¹  Make it happen #FIFA23 https://t.co/xs0odMb2wZ";13;54;192;9824;en;1299384374832574464;1630613813727838210;DonkTrading;https://twitter.com/DonkTrading/status/1630613813727838210
Tue Feb 28 16:59:48 +0000 2023;1630613752360976390;"ğŸŸï¸ 4 games âš½ 8 goals ğŸ…°ï¸ 2 assists  Cristiano Ronaldo has been named the Saudi Pro League Player of the Month for February ğŸ‡¸ğŸ‡¦ğŸ”¥ https://t.co/dGa1NpkpGU";2;25;249;5135;en;212315904;1630613752360976390;livescore;https://twitter.com/livescore/status/1630613752360976390
Tue Feb 28 16:57:28 +0000 2023;1630613164801900554;"ğŸ‡¸ğŸ‡¦ Cristiano Ronaldo has been named the Saudi Pro League Player of the Month for February:  ğŸŸï¸ 4 games âš½ 8 goals ğŸ…°ï¸ 2 assists https://t.co/a30a2XkWY1";17;56;103;2137;en;462312323;1630613164801900554;Football__Tweet;https://twitter.com/Football__Tweet/status/1630613164801900554
Tue Feb 28 16:55:10 +0000 2023;1630612587858608144;"Cristiano Ronaldo is the Saudi Pro League Player of the Month for February with eight goals and two assists in four games ğŸ¯ https://t.co/GPpciONSRI";205;530;2480;44694;en;1561123663;1630612587858608144;brfootball;https://twitter.com/brfootball/status/1630612587858608144
Tue Feb 28 16:51:00 +0000 2023;1630611537076289536;"BREAKING:  Ronaldo wins the Saudi Pro League Player Of The Month for February.  ğŸ‡¸ğŸ‡¦   Earned, not given.  ğŸ‘ğŸ‘ https://t.co/qGRHHA0bCV";3;51;92;1168;en;1198258920185323520;1630611537076289536;laligafrauds;https://twitter.com/laligafrauds/status/1630611537076289536
Tue Feb 28 16:50:36 +0000 2023;1630611438778847232;"These TWO videos will tell you the difference between Messi &amp  Ronaldo.  Messi greets Mbappe who came second but Ronaldo ignored Antoine Griezmann who was his rival then.  https://t.co/jw8AAqZ2N4";37;63;88;1766;en;2161356876;1630611438778847232;SemperFiMessi;https://twitter.com/SemperFiMessi/status/1630611438778847232
Tue Feb 28 16:46:18 +0000 2023;1630610353007521798;"What a start! ğŸ¤©  Debut goal âš½ï¸ Two assists ğŸª„ Hat-trick ğŸ”¥ Super hat-trick ğŸ  Ronaldo is the player of February in @SPL ğŸŒŸ In his first month with @AlNassrFC ğŸ’ª https://t.co/7lQhgwghRb";203;802;7528;71796;en;908749393;1630610353007521798;AlNassrFC_EN;https://twitter.com/AlNassrFC_EN/status/1630610353007521798
Tue Feb 28 16:44:49 +0000 2023;1630609981736206346;"ğŸš¨OFFICIAL: Cristiano Ronaldo wins Saudi Pro League POTM ğŸ  First of many... https://t.co/wqY1WecPZN";0;10;97;1223;en;1396816952392396801;1630609981736206346;EverythingCR7_;https://twitter.com/EverythingCR7_/status/1630609981736206346
Tue Feb 28 16:43:34 +0000 2023;1630609667276562432;"I donâ€™t think anyoneâ€™s more obsessed with Ronaldo than Messi fans. The constant comments under any Ronaldo post is just ridiculous. Lol get a grip";5;40;65;730;en;851933132970438656;1630609667276562432;IconicCristiano;https://twitter.com/IconicCristiano/status/1630609667276562432
Tue Feb 28 16:41:00 +0000 2023;1630609021081120774;"Player of the month ğŸ”¥ Ronaldo https://t.co/MIwJxmlEl7";2;55;195;3608;en;1145137598379282432;1630609021081120774;gyaigyimii;https://twitter.com/gyaigyimii/status/1630609021081120774
Tue Feb 28 16:40:44 +0000 2023;1630608955700396036;"BREAKING: Cristiano Ronaldo wins the Saudi Pro League player of the month award for February. https://t.co/fS2ia1tS8q";31;230;861;17394;en;1514045582968598530;1630608955700396036;CFC_Janty;https://twitter.com/CFC_Janty/status/1630608955700396036
Tue Feb 28 16:40:37 +0000 2023;1630608924331089922;"Ronaldo wins AL Nassr player of the month https://t.co/NEy4DNziYq";9;70;165;3352;en;1145137598379282432;1630608924331089922;gyaigyimii;https://twitter.com/gyaigyimii/status/1630608924331089922
Tue Feb 28 16:39:35 +0000 2023;1630608665685409792;"Cristiano Ronaldo wins the Saudi Pro League player of the month award for February.  https://t.co/INQ1ajl78p";14;111;675;12262;en;2427599888;1630608665685409792;TimelineCR7;https://twitter.com/TimelineCR7/status/1630608665685409792
Tue Feb 28 16:38:14 +0000 2023;1630608326315892736;"OFFICIAL:  Cristiano Ronaldo wins the Saudi Pro League Player of the Month award for February.ğŸ”¥ https://t.co/bRyg8IgSjW";8;52;528;7278;en;1229600073295618048;1630608326315892736;CristianoXtra_;https://twitter.com/CristianoXtra_/status/1630608326315892736
Tue Feb 28 16:33:05 +0000 2023;1630607027545292809;"Cristiano Ronaldo for February   Goal of the week âœ…  Team of the week âœ…  Player of the month âœ…   New league, New country same old Cristiano Ronaldo ğŸğŸŒŸ https://t.co/tUeZQowsaa";4;15;216;3030;en;851933132970438656;1630607027545292809;IconicCristiano;https://twitter.com/IconicCristiano/status/1630607027545292809
Tue Feb 28 16:00:01 +0000 2023;1630598707149443072;"When Ronaldinho was Ronaldo! https://t.co/GU4mufM0sF";7;18;67;1042;en;872191892;1630598707149443072;90sfootball;https://twitter.com/90sfootball/status/1630598707149443072
Tue Feb 28 15:38:11 +0000 2023;1630593213906972674;"If you know you know. Ronaldo can never win ğŸ‘ https://t.co/7HyAX1zrVb";13;129;144;1618;en;1145137598379282432;1630593213906972674;gyaigyimii;https://twitter.com/gyaigyimii/status/1630593213906972674
Tue Feb 28 15:24:29 +0000 2023;1630589764905709575;"@Cristiano @AlNassrFC_EN @AlNassrFC Ronaldo FC needs you to score another hatrick ğŸ https://t.co/LQ6PtzLlmH";1;18;33;1303;en;1514045582968598530;1630589321890746368;CFC_Janty;https://twitter.com/CFC_Janty/status/1630589764905709575
Tue Feb 28 15:22:06 +0000 2023;1630589166219034625;"Cristiano Ronaldo in Training Today ğŸ“·â¤ https://t.co/ZL9UU1zBhU";2;12;96;1542;en;2192335506;1630589166219034625;TeamCRonaldo;https://twitter.com/TeamCRonaldo/status/1630589166219034625
Tue Feb 28 14:52:28 +0000 2023;1630581707609894914;"@centredevils ETH when Ronaldo comes to collect the medal https://t.co/tGQbpMdaQR";1;14;42;822;en;1416069884992278532;1630577420100333570;AC_StretfordEnd;https://twitter.com/AC_StretfordEnd/status/1630581707609894914
Tue Feb 28 14:40:39 +0000 2023;1630578732699209728;"Former Man United player claims he "could've been best in world" with "five per cent of Ronaldo's mentality" https://t.co/CaE4HXBQV3";0;18;39;1242;en;435225922;1630578732699209728;sportbible;https://twitter.com/sportbible/status/1630578732699209728
Tue Feb 28 14:37:54 +0000 2023;1630578042807435265;"So the court not only threw out the Ronaldo case, it was stated as a malicious attack on his character using unprofessional lawyer tactics on the pretence of falsified information.   Damage has already been done but alas, a free man.";13;20;225;1726;en;1167234813822193664;1630578042807435265;MikhaeIII;https://twitter.com/MikhaeIII/status/1630578042807435265
Tue Feb 28 14:37:14 +0000 2023;1630577874884329473;"@centredevils I love Ronaldo but he doesnâ€™t deserve it. He didnâ€™t contribute anything to our Cup win";1;26;7;1192;en;1431655980899749889;1630577420100333570;UtdEra_;https://twitter.com/UtdEra_/status/1630577874884329473
Tue Feb 28 14:35:26 +0000 2023;1630577420100333570;"ğŸš¨ğŸš¨| Cristiano Ronaldo could be awarded a Carabao Cup medal due to the EFL rule should #mufc allow it.";374;553;1386;32738;en;1222239337548435456;1630577420100333570;centredevils;https://twitter.com/centredevils/status/1630577420100333570
Tue Feb 28 14:27:27 +0000 2023;1630575411154522112;"OFFICIAL:  Cristiano Ronaldo wins Suadi Pro League's goal of the Round of 18. ğŸ”¥  https://t.co/1jBQPrO5X3";6;50;203;2902;en;1229600073295618048;1630575411154522112;CristianoXtra_;https://twitter.com/CristianoXtra_/status/1630575411154522112
Tue Feb 28 13:43:25 +0000 2023;1630564331225063425;"Cristiano Ronaldo &amp  Sir Alex Ferguson at FIFA The Best Awards 2016. ğŸ“¸ https://t.co/Xdk6k6OUif";1;24;281;5918;en;2192335506;1630564331225063425;TeamCRonaldo;https://twitter.com/TeamCRonaldo/status/1630564331225063425
Tue Feb 28 13:18:51 +0000 2023;1630558147298598912;"Sad truth about the Ronaldo vs Messi debate is that Ronaldo had to score hattricks vs AtlÃ©tico Madrid, Bayern, Juventus and other super teams in the UCL, winning all trophies, being top scorer of every competition to win the Ballon Dâ€™or, Fifa "THE BEST" and other awards.  [1/3] https://t.co/fRxqkJw7dH";27;168;411;3802;en;1497251001346134017;1630558147298598912;ronaldowarrior;https://twitter.com/ronaldowarrior/status/1630558147298598912
Tue Feb 28 13:16:07 +0000 2023;1630557461169209344;"Ronaldo Nazario:  "Cristiano and Messi made history more than 20 years.  Football and people are grateful for this rivalry." https://t.co/cXNs3EDKSb";1;9;69;1739;en;1229600073295618048;1630557461169209344;CristianoXtra_;https://twitter.com/CristianoXtra_/status/1630557461169209344
Tue Feb 28 13:10:21 +0000 2023;1630556010900332546;"Cristiano Ronaldo with 24 goals in 37 games vs. Marcus Rashford with 24 goals in 36 games. https://t.co/rF5UbmsV6p";26;67;390;4840;en;1396816952392396801;1630556010900332546;EverythingCR7_;https://twitter.com/EverythingCR7_/status/1630556010900332546
Tue Feb 28 12:42:37 +0000 2023;1630549031553314816;"Messi fans are tired of trolling Ronaldo, theyâ€™re trolling Messi nowğŸ˜‚ğŸ˜‚ https://t.co/3BEHW6OXhK";60;155;1322;19808;en;978511668807421952;1630549031553314816;AbjaFCB;https://twitter.com/AbjaFCB/status/1630549031553314816
Tue Feb 28 12:35:35 +0000 2023;1630547261083066368;"Lost his child, slandered by his ex teammates, disrespected by his own manager, benched by his country manager. No player has ever gone through what Cristiano Ronaldo has in 2022. It was always him vs the system. https://t.co/MFVt9kiHdE";11;40;214;2234;en;1358309362331095044;1630547261083066368;nanakostan;https://twitter.com/nanakostan/status/1630547261083066368
Tue Feb 28 12:27:37 +0000 2023;1630545252980346880;"Ronaldo fans think that Tinubu and APC rigging election will distract me from Dr!nking their tears today. I'm warming up! ğŸ¤";1;9;52;574;en;459496578;1630545252980346880;Joshua_Ubeku;https://twitter.com/Joshua_Ubeku/status/1630545252980346880
Tue Feb 28 11:32:53 +0000 2023;1630531482258386944;"@AlbicelesteTalk 2 world cup winners having a chat meanwhile the fraud ronaldo is busy attending boxing fights";1;7;22;857;en;1576602690695884800;1630531152757809153;messinhhoo10;https://twitter.com/messinhhoo10/status/1630531482258386944
Tue Feb 28 11:32:16 +0000 2023;1630531324917235712;"@AlbicelesteTalk The real Ronaldo ğŸ‡§ğŸ‡·ğŸ‘‘";0;1;1;766;en;1579466666311917569;1630531152757809153;YuqiXSZ;https://twitter.com/YuqiXSZ/status/1630531324917235712
Tue Feb 28 11:31:35 +0000 2023;1630531152757809153;"Ronaldo: â€œCongratulations for the World Cup, how beautiful, eh? You deserve it. Iâ€™m very happy for youâ€¦.â€  Messi: â€œIt was crazyâ€¦â€   https://t.co/Ge50w1VgA1";331;198;4110;52761;en;1447233497731674117;1630531152757809153;AlbicelesteTalk;https://twitter.com/AlbicelesteTalk/status/1630531152757809153
Tue Feb 28 11:07:20 +0000 2023;1630525049777143811;"Arsene Wenger on Ronaldo &amp  Messi: â€œWhen they will not be there anymore, we will realise what they have given us.â€  Well said! ğŸ‡«ğŸ‡·ğŸ‘  https://t.co/mIq7Nh6H4t";1;2;34;556;en;1299106779918368768;1630525049777143811;TheRealTroopzTV;https://twitter.com/TheRealTroopzTV/status/1630525049777143811
Tue Feb 28 11:04:57 +0000 2023;1630524450419376129;"It costs an eye-watering amount to hire Cristiano Ronaldo for a day according to stunning report ğŸ˜³ https://t.co/YjQ614OPUI";4;23;60;2148;en;435225922;1630524450419376129;sportbible;https://twitter.com/sportbible/status/1630524450419376129
Tue Feb 28 11:02:23 +0000 2023;1630523803498344449;"7 x Ballon d'Or 7 x FIFA The Best Player Awards 77 x Individual Awards  Ronaldo wears number 7 but Messi made it ICONIC. https://t.co/XDyi9oC2lA";5;17;327;4758;en;2894793029;1630523803498344449;BarcaWorldwide;https://twitter.com/BarcaWorldwide/status/1630523803498344449
Tue Feb 28 11:00:31 +0000 2023;1630523335892140036;"Imagine these 3 versions of Cristiano Ronaldo playing together...ğŸ¤¯ https://t.co/ltoebnl92O";12;71;248;5778;en;2427599888;1630523335892140036;TimelineCR7;https://twitter.com/TimelineCR7/status/1630523335892140036
Tue Feb 28 11:00:18 +0000 2023;1630523280862920704;"ArsÃ¨ne Wenger on Messi and Ronaldo:  "When they will not be there anymore we will realise what they have given us, both of them.  "I always refuse to make a hierarchy because they're two completely different players, who've shown the world for 15 years how great football can be." https://t.co/pO5cMYLpM4";11;12;179;2199;en;21107160;1630523280862920704;ChrisWheatley;https://twitter.com/ChrisWheatley/status/1630523280862920704
Tue Feb 28 10:21:33 +0000 2023;1630513527877255174;"ğŸ‘ğŸ‡«ğŸ‡· Arsene Wenger on Ronaldo &amp  Messi: "When they will not be there anymore, we will realise what they have given us." https://t.co/tvRcoxVxAx";126;87;2609;27354;en;972530860988788736;1630513527877255174;eurofootcom;https://twitter.com/eurofootcom/status/1630513527877255174
Tue Feb 28 10:08:53 +0000 2023;1630510341875720192;"Ronaldo's Al Nassr teammates in training ğŸ˜‚â™¥ï¸ https://t.co/09zB6emVCu";1;9;154;3272;en;1229600073295618048;1630510341875720192;CristianoXtra_;https://twitter.com/CristianoXtra_/status/1630510341875720192
Tue Feb 28 10:05:47 +0000 2023;1630509560673849344;"Reporter: Who is the best between Messi and Ronaldo?  ğŸ™ArsÃ¨ne wenger:  When they will not be there anymore we will realise what they have given us, both of them. I always refuse to make a hierarchy on that because, they are two different players. (1/2)  Via/ FIFA";0;23;111;2200;en;2192335506;1630509560673849344;TeamCRonaldo;https://twitter.com/TeamCRonaldo/status/1630509560673849344
Tue Feb 28 10:04:24 +0000 2023;1630509214253686786;"@ESPNFC Ronaldo wears the number 7 Messi owns the number 7  One more reason why Messi is the GOATğŸ";0;6;35;1375;en;1391069150060060674;1630508109264470017;Pulga_Disciple;https://twitter.com/Pulga_Disciple/status/1630509214253686786
Tue Feb 28 10:03:22 +0000 2023;1630508955205087232;"Ronaldo at United to collect his Carabao medal https://t.co/7E9FFySUoX";26;12;72;239;en;1112822256307191809;1630508955205087232;bagofnuts_;https://twitter.com/bagofnuts_/status/1630508955205087232
Tue Feb 28 09:59:33 +0000 2023;1630507994168406016;"Reporter: Who is the best between Messi and Ronaldo?  ğŸ™RONALDO NAZARIO  I'm not sure if this discussion is over, the opinions are divided. These are two huge players that have been making history for over 2 decades. Football is thankful for this and so are the people.";3;22;63;845;en;2192335506;1630507994168406016;TeamCRonaldo;https://twitter.com/TeamCRonaldo/status/1630507994168406016
Tue Feb 28 09:44:36 +0000 2023;1630504228652294145;"Lionel Messi competed with Kaka, then had that long run with Cristiano Ronaldo and is now competing with yet another generation in MbappÃ© and Haaland at a time his peers have either retired or sort of retired. Extraordinary longevity for the Argentine genius. 3 generations. https://t.co/sCsM78isQh";6;17;164;866;en;115628224;1630504228652294145;Omojuwa;https://twitter.com/Omojuwa/status/1630504228652294145
Tue Feb 28 09:40:21 +0000 2023;1630503158962110464;"Lionel Messi vs Cristiano Ronaldo individual awards  A thread:  First: Main awards for the best player in the world, the most prestigious ones.  Lionel Messi: 1âƒ£0âƒ£ Cristiano Ronaldo: 8âƒ£ https://t.co/qMYG1xZ1bE";17;20;138;697;en;1354958424988147724;1630503158962110464;miacostado;https://twitter.com/miacostado/status/1630503158962110464
Tue Feb 28 09:06:41 +0000 2023;1630494689584349185;"Throwback to when Cristiano Ronaldo for Manchester united sent Wenger's Arsenal packing out of the UCL. Incroyable. https://t.co/Y7TjxrDJoY";39;41;421;3351;en;1481564475715162116;1630494689584349185;lanrrrre;https://twitter.com/lanrrrre/status/1630494689584349185
Tue Feb 28 09:32:06 +0000 2023;1630501086434918403;"At the FIFA best they also tried to bring out the question â€œMessi or Ronaldoâ€ thinking people will clearly choose Messi since the World Cup. Wenger and Ronaldo (Brazilian) answered in a better way.";1;28;87;878;en;851933132970438656;1630501086434918403;IconicCristiano;https://twitter.com/IconicCristiano/status/1630501086434918403
Tue Feb 28 09:02:22 +0000 2023;1630493601049333761;"@David_Alaba Now Admit Ronaldo is the GOAT before we fully forgive you https://t.co/eCgC61kaxQ";5;66;27;675;en;1267067442884481027;1630482387376144384;the_marcoli_boy;https://twitter.com/the_marcoli_boy/status/1630493601049333761
Tue Feb 28 08:46:07 +0000 2023;1630489512668266496;"Image:Cristiano Ronaldo posts a picture of him holding the Dubai D'or on Instagram.ğŸ‡µğŸ‡¹ğŸª https://t.co/0ioISgUPrD";7;38;53;1432;en;1408482871266918401;1630489512668266496;LM10_BLAUGRANA;https://twitter.com/LM10_BLAUGRANA/status/1630489512668266496
Tue Feb 28 08:41:26 +0000 2023;1630488334324711430;"â—  Cristiano Ronaldo did not vote for FIFA The Best. Pepe did it instead.  [FIFAâ€™s website] https://t.co/jrqjBdXcRc";9;100;338;7815;en;2192335506;1630488334324711430;TeamCRonaldo;https://twitter.com/TeamCRonaldo/status/1630488334324711430
Tue Feb 28 08:34:47 +0000 2023;1630486660927586305;"From 2008-2015, messi destroyed ronaldo. Since then up until 2018, media, ronaldo &amp  his fans tried to make us believe he had won the debate. Fast forward 2023, messi has sent ronaldo &amp  his fans back to where they always belonged. No way back anymore.  I Am sorry but it's overğŸ‘ https://t.co/9ycsUGPeTw";5;11;164;1500;en;1539570670014566401;1630486660927586305;karim9Goatzema;https://twitter.com/karim9Goatzema/status/1630486660927586305
Tue Feb 28 08:31:15 +0000 2023;1630485770673831936;"Cristiano Ronaldo after watching Messi win his 7th FIFA best player award https://t.co/cB1LFQfJKm";20;64;270;1436;en;1070012253511012353;1630485770673831936;footymemes21;https://twitter.com/footymemes21/status/1630485770673831936
Tue Feb 28 08:28:41 +0000 2023;1630485127225638912;"@David_Alaba Real Madrid fans booed Ronaldo, Benzema, Bale etc. and bullied Alaba to explain his vote. The worst fanbase in the world, disgustingâ€¦";6;69;185;4312;en;842403655466790914;1630482387376144384;iLatif_;https://twitter.com/iLatif_/status/1630485127225638912
Tue Feb 28 07:52:52 +0000 2023;1630476110075969536;"Benzema shocked Alaba being a snitch and also seeing Kylian Mbappe being robbed for Messi.   Cristiano Ronaldo: https://t.co/Y0xzbR7vKP";5;26;90;468;en;1145311145378635776;1630476110075969536;Kwesi_Plug;https://twitter.com/Kwesi_Plug/status/1630476110075969536
Tue Feb 28 08:05:29 +0000 2023;1630479287387328512;"Votes of Roberto Martinez [Portugal NT Coach] for FIFA THE BEST:  1. Leo Messi 2. Kevin de Bruyne 3. Kylian Mbappe  Exactly proves how Mafia Messi has control over Portugal and made Ronaldo benched in the World Cup so he wouldn't score a hat-trick.  Football is rigged for MessiğŸ¤¬";2;18;103;1274;en;1543233768978546688;1630479287387328512;Troll_Fotballl;https://twitter.com/Troll_Fotballl/status/1630479287387328512
Tue Feb 28 07:41:58 +0000 2023;1630473368117063683;"Messi when Ronaldo was 22  Messi when he was 22  Messi when Mbappe was 22 https://t.co/QO4k8f0JDc";5;5;177;1854;en;1543848446997708800;1630473368117063683;FCB_Lad_;https://twitter.com/FCB_Lad_/status/1630473368117063683
Tue Feb 28 07:24:43 +0000 2023;1630469028765634560;"Cristiano Ronaldo is the player with most uefa the best(3). ğŸ  Earned. Not Given. https://t.co/NepwwA9YOk";54;314;922;13671;en;2192335506;1630469028765634560;TeamCRonaldo;https://twitter.com/TeamCRonaldo/status/1630469028765634560
Tue Feb 28 06:31:37 +0000 2023;1630455662542229504;"Look what Cristiano Ronaldo ğŸ did after winning the award and messi did after being given the award Understand the difference there's level to it https://t.co/wOv94aG1IB";393;845;783;14633;en;1389419761226817539;1630455662542229504;MadridRanveer;https://twitter.com/MadridRanveer/status/1630455662542229504
Tue Feb 28 06:18:49 +0000 2023;1630452443862511616;"21 year old Cristiano Ronaldo had more dribbles completed than prime Lionel Messi. https://t.co/ZkShXeEkfl";3;19;72;1020;en;1579147124033339393;1630452443862511616;CristianoTalk;https://twitter.com/CristianoTalk/status/1630452443862511616
Tue Feb 28 06:13:58 +0000 2023;1630451221751566337;"How Cristiano Ronaldo managed to win all these trophies and awards despite the whole system going against him is enough to make him the GOAT. â¤ï¸  My GOAT is clear ğŸğŸ”¥ #CristianoRonaldoğ“ƒµ https://t.co/gzZTQUSZUy";7;63;188;2007;en;1449646601903882249;1630451221751566337;bhat_asfar26;https://twitter.com/bhat_asfar26/status/1630451221751566337
Tue Feb 28 05:55:38 +0000 2023;1630446609585827840;"Football's Biggest Federation was always against Cristiano Ronaldo, and he still made it to the absolute top. GOAT. Earned, Not Given https://t.co/hLrvRthN21";22;138;798;8310;en;1431309811807756330;1630446609585827840;MadridPreeti;https://twitter.com/MadridPreeti/status/1630446609585827840
Tue Feb 28 05:48:59 +0000 2023;1630444937404637185;"You can keep your rigged awards and trophies. But you will NEVER have Ronaldoâ€™s GOAT aura.   https://t.co/Qju0OCuR9U";50;76;422;3234;en;1346004414717300736;1630444937404637185;razzmarish;https://twitter.com/razzmarish/status/1630444937404637185
Tue Feb 28 05:31:14 +0000 2023;1630440469535801344;"Cristiano Ronaldo is the only player to win:  UEFA the best award - 3 times  The only real and valuable award. https://t.co/Co1xnsQi3B";42;182;646;9244;en;1229600073295618048;1630440469535801344;CristianoXtra_;https://twitter.com/CristianoXtra_/status/1630440469535801344
Tue Feb 28 05:00:01 +0000 2023;1630432610680999936;"Cristiano Ronaldo's reaction from the stands following Jake Paul's defeat. Bro did not give a damn and just wanted to leave ğŸ˜‚  https://t.co/e9QP5ZpBRH";3;13;97;1378;en;1396816952392396801;1630432610680999936;EverythingCR7_;https://twitter.com/EverythingCR7_/status/1630432610680999936
Tue Feb 28 04:20:56 +0000 2023;1630422777059524611;"FIFAâ€™s Criteria for Awarding The Best Award:  1. Messi: Do something and we will carry you.  2. Ronaldo: Do the impossible so that there is no way we can deny you.";44;234;560;3711;en;2192335506;1630422777059524611;TeamCRonaldo;https://twitter.com/TeamCRonaldo/status/1630422777059524611
Tue Feb 28 04:16:53 +0000 2023;1630421756468154368;"If carefully watch he did the suiiiiiiii of Cristiano Ronaldo ğŸ after the goal  When we say we own the streets we really mean it ğŸ˜¤ğŸ˜¤ https://t.co/XLq3k7jdh5";2;16;55;761;en;1389419761226817539;1630421756468154368;MadridRanveer;https://twitter.com/MadridRanveer/status/1630421756468154368
Tue Feb 28 03:11:40 +0000 2023;1630405343988662274;"Look at the reaction of the people when the asked question being asked to Cristiano Ronaldo ğŸ and Messi  There are levels to it ğŸ˜¤ https://t.co/mnSI8wtnba";16;98;194;1536;en;1389419761226817539;1630405343988662274;MadridRanveer;https://twitter.com/MadridRanveer/status/1630405343988662274
Mon Feb 27 22:59:14 +0000 2023;1630341817274183680;"ğŸš¨ Fans say Cristiano Ronaldo was disrespected during the Best FIFA Awards in awkward moment https://t.co/FzQMIc6Htl";11;103;117;2807;en;435225922;1630341817274183680;sportbible;https://twitter.com/sportbible/status/1630341817274183680
Mon Feb 27 22:58:38 +0000 2023;1630341666463793153;"For the first time since 2006, Cristiano Ronaldo isn't in the FIFPro Men's #World11 âŒ  #TheBest https://t.co/0hX6zPRkJ9";9;41;36;635;en;2319121626;1630341666463793153;footballontnt;https://twitter.com/footballontnt/status/1630341666463793153
Mon Feb 27 22:49:12 +0000 2023;1630339293137838081;"Cristiano Ronaldo: â€œI donâ€™t give a fâ€™ck about FIFAâ€  https://t.co/SzfT3O1el8";22;51;432;3941;en;146034761;1630339293137838081;ProudFede;https://twitter.com/ProudFede/status/1630339293137838081
Mon Feb 27 22:42:15 +0000 2023;1630337543517372416;"@ESPNFC Messi is the GOAT for this, heâ€™s just looking out for his sons Ronaldo and Mbappe";2;9;13;1025;en;55417497;1630325899710087171;Connor_Grott;https://twitter.com/Connor_Grott/status/1630337543517372416
Mon Feb 27 22:41:01 +0000 2023;1630337235059875842;"Ronaldoâ€™s Votes as Portugalâ€™s captain for the FIFA Best Awards :   1.Kylian Mbappe  2. Talisca  3. David Ospina https://t.co/M9dvQDePz3";6;57;107;2579;en;842403655466790914;1630337235059875842;iLatif_;https://twitter.com/iLatif_/status/1630337235059875842
Mon Feb 27 22:38:19 +0000 2023;1630336556731887618;"No amount of disrespect from the football system can take away the fact Cristiano Ronaldo is the most influential athlete. He has the streets. https://t.co/NXYiXRXMjI";7;45;257;4332;en;851933132970438656;1630336556731887618;IconicCristiano;https://twitter.com/IconicCristiano/status/1630336556731887618
Mon Feb 27 22:34:03 +0000 2023;1630335480934944771;"How Cristiano Ronaldoâ€™s voted for FIFA The Best:  ğŸ¥‡ Kylian MbappÃ©  ğŸ¥ˆ Luka ModriÄ‡ ğŸ¥‰ Karim Benzema  How petty. He knows who the best was but he couldn't get himself to be bigger. https://t.co/o9geod8Sbh";19;69;250;4043;en;1273724658144219137;1630335480934944771;FCBAlbiceleste;https://twitter.com/FCBAlbiceleste/status/1630335480934944771
Mon Feb 27 22:32:51 +0000 2023;1630335179012153346;"ğŸ“Š The full FIFA Best 2022 results  It's the first time Cristiano Ronaldo has been outside of the top 10 since 2005.. a 16 year run!  '05: 20th '06: 10th '07: ğŸ¥‰ '08: ğŸ¥‡ '09: ğŸ¥ˆ '10: 6th '11: ğŸ¥ˆ '12: ğŸ¥ˆ '13: ğŸ¥‡ '14: ğŸ¥‡ '15:ğŸ¥ˆ '16:ğŸ¥‡ '17:ğŸ¥‡ '18: ğŸ¥ˆ '19: ğŸ¥‰ '20: ğŸ¥‰ '21: 7th '22: âŒ https://t.co/POosKy7vet";8;36;99;1617;en;1233869375691730944;1630335179012153346;mvsrapp;https://twitter.com/mvsrapp/status/1630335179012153346
Mon Feb 27 22:18:36 +0000 2023;1630331593393946627;"Messi the â€œsystem playerâ€ won The World Cup outside Barcelona   Won the Ballon Dâ€™or as a PSG player Won the FIFA Best as a PSG player  Ajala Penelope Ronaldo that is not a system player is yet to win the World Cup with Portugal ğŸŒš https://t.co/cYidSpaukt";0;23;110;562;en;559635351;1630331593393946627;Debbybruno3;https://twitter.com/Debbybruno3/status/1630331593393946627
Mon Feb 27 22:13:18 +0000 2023;1630330261102575616;"âŒ Cristiano Ronaldo did NOT vote for the award. It was Pepe:  1. Mbappe  2. Modric  3. Benzema";122;73;316;6351;en;1326564152291315713;1630330261102575616;MadridXtra;https://twitter.com/MadridXtra/status/1630330261102575616
Mon Feb 27 22:12:20 +0000 2023;1630330017191215104;"Cristiano Ronaldo'nun The Best oylarÄ±:  1ï¸âƒ£ Kylian Mbappe 2ï¸âƒ£ Luka Modric 3ï¸âƒ£ Karim Benzema https://t.co/5YGmH3kXI7";49;127;9;2662;ro;1549679572270170112;1630330017191215104;trivelasports_;https://twitter.com/trivelasports_/status/1630330017191215104
Mon Feb 27 22:11:48 +0000 2023;1630329882235523072;"ğŸš¨  Cristiano Ronaldo did not vote for FIFA The Best.  Pepe did it instead.";48;77;393;9246;en;2427599888;1630329882235523072;TimelineCR7;https://twitter.com/TimelineCR7/status/1630329882235523072
Mon Feb 27 22:10:08 +0000 2023;1630329463081713665;"For me the greatest of all time. Cristiano Ronaldo   Good night. https://t.co/jq7R3Mh5Kb";82;554;2102;29136;en;1514045582968598530;1630329463081713665;CFC_Janty;https://twitter.com/CFC_Janty/status/1630329463081713665
Mon Feb 27 22:08:10 +0000 2023;1630328968833318916;"Lionel Messi looking for Cristiano Ronaldo https://t.co/n0UEyQriYk";166;242;1833;21818;en;1177909833372196869;1630328968833318916;ErlingRoIe;https://twitter.com/ErlingRoIe/status/1630328968833318916
Mon Feb 27 22:02:26 +0000 2023;1630327525439074304;"He has always been one man vs the mafia &amp  corruption of the big corporations.  Despite this very unequal battle, he managed to hold his own with his longevity in professionalism &amp  his instinct to excel to win 5 UCL, 5 BDO, 3 The Best, 3 POTY, etc  Cristiano Ronaldo is the only ğŸ https://t.co/V6D0a0u2AR";17;40;505;2823;en;1308310929923354628;1630327525439074304;RealGOA7;https://twitter.com/RealGOA7/status/1630327525439074304
Mon Feb 27 21:54:26 +0000 2023;1630325513159049216;"Cristiano Ronaldo always knew what we was up against since the start.  https://t.co/x0V2OIE6Nn";78;174;1650;12055;en;2427599888;1630325513159049216;TimelineCR7;https://twitter.com/TimelineCR7/status/1630325513159049216
Mon Feb 27 21:53:22 +0000 2023;1630325242030694414;"@MitomaBalI Looking for ronaldo im guessing";3;5;13;1433;en;1077643552275005441;1630324804904517633;Bajro0;https://twitter.com/Bajro0/status/1630325242030694414
Mon Feb 27 21:51:40 +0000 2023;1630324815864160257;"How many FIFA BEST Awards does Messi have?   Ronaldo : https://t.co/h7IJed9ie5";4;21;79;700;en;842403655466790914;1630324815864160257;iLatif_;https://twitter.com/iLatif_/status/1630324815864160257
Mon Feb 27 21:51:27 +0000 2023;1630324759736233984;"@AlbicelesteTalk Youâ€™ll never see Ronaldo voting for his rivals ğŸ¥¶";1;5;13;1067;en;274869035;1630324629473579008;ExclusiveMessi;https://twitter.com/ExclusiveMessi/status/1630324759736233984
Mon Feb 27 21:50:58 +0000 2023;1630324637786865664;"@ManagingBarca Ronaldo would've used all 3 votes to vote for himself.";1;10;30;1370;en;2300959110;1630324080573566977;ForeverBlue_07;https://twitter.com/ForeverBlue_07/status/1630324637786865664
Mon Feb 27 21:50:34 +0000 2023;1630324536729280514;"Cristiano Ronaldo and Robert Lewandowski still remain the only 2 players in history to win the FIFA â€˜The Bestâ€™ award twice. ğŸ‡µğŸ‡¹ğŸ‡µğŸ‡± https://t.co/JBQDDGEPCv";8;108;289;5428;en;1497251001346134017;1630324536729280514;ronaldowarrior;https://twitter.com/ronaldowarrior/status/1630324536729280514
Mon Feb 27 21:47:55 +0000 2023;1630323871248162821;"Ronaldo about to wear the number 7 from today onwards just to honor Messi for winning 7 ballon dâ€™ors and 7 fifa the best. https://t.co/AxPoH8ZHVx";5;33;180;1112;en;1314663635780804614;1630323871248162821;Founda__;https://twitter.com/Founda__/status/1630323871248162821
Mon Feb 27 21:45:21 +0000 2023;1630323225015070723;"Messi may have won the award but his drip will never reach Ronaldo ğŸ¤«  This is why Cristiano Ronaldo is the GOAT, period ğŸ https://t.co/YTICS9uwqP";20;258;120;1650;en;961933019853524992;1630323225015070723;modap_;https://twitter.com/modap_/status/1630323225015070723
Mon Feb 27 21:42:03 +0000 2023;1630322396446990336;"Even as Ronaldo fan thereâ€™s no point complaining or moaning, awards been given. Congratulations to Lionel Messi for winning the FIFA best award. https://t.co/G0XAXPTm1L";8;93;152;3338;en;1514045582968598530;1630322396446990336;CFC_Janty;https://twitter.com/CFC_Janty/status/1630322396446990336
Mon Feb 27 21:40:43 +0000 2023;1630322058617036801;"Cristiano Ronaldo will forever be the GOAT.  He doesnâ€™t need rigged and gifted trophies like certain someone.ğŸ‘ https://t.co/qP5I278rNL";12;125;322;3283;en;1562052395701796864;1630322058617036801;XclusiveRonaldo;https://twitter.com/XclusiveRonaldo/status/1630322058617036801
Mon Feb 27 21:33:34 +0000 2023;1630320259914711041;"Herh Fifa ranked Cristiano Ronaldo the 369th best player in the WorldğŸ˜‚ğŸ˜‚ğŸ˜‚ğŸ˜‚ğŸ˜‚ğŸ˜‚ğŸ˜‚ğŸ˜‚ This is what you get for playing in Saudi Arabia";9;48;161;1279;en;842403655466790914;1630320259914711041;iLatif_;https://twitter.com/iLatif_/status/1630320259914711041
Mon Feb 27 21:31:56 +0000 2023;1630319848990318593;"Why are they trying to Humiliate Ronaldo with every opportunity they get?? https://t.co/uHaEQruFhf";27;263;435;7925;en;1145137598379282432;1630319848990318593;gyaigyimii;https://twitter.com/gyaigyimii/status/1630319848990318593
Mon Feb 27 21:27:21 +0000 2023;1630318695485513728;"Cristiano Ronaldo is missing from the FIFPro World 11 for the first time since 2007.  What a run ğŸ¥² https://t.co/DinDGPxfJf";178;687;2073;44813;en;18091004;1630318695485513728;ESPNFC;https://twitter.com/ESPNFC/status/1630318695485513728
Mon Feb 27 21:27:16 +0000 2023;1630318675759706112;"Now everyone can see the system Ronaldo has been fighting all his life. This is why he is my goat. It has always been Ronaldo vs the world";39;248;524;4605;en;1145137598379282432;1630318675759706112;gyaigyimii;https://twitter.com/gyaigyimii/status/1630318675759706112
Mon Feb 27 21:25:00 +0000 2023;1630318102612414464;"All-time most appearances in the FIFPro World 11:  â—‰ 16 - Lionel Messi â— 15 - Cristiano Ronaldo â— 11 - Sergio Ramos â— 9 - AndrÃ©s Iniesta  Leo takes top spot. #TheBest https://t.co/E39SnKMewl";15;14;224;1724;en;385473825;1630318102612414464;Squawka;https://twitter.com/Squawka/status/1630318102612414464
Mon Feb 27 21:24:48 +0000 2023;1630318051848536066;"Jogadores com mais apariÃ§Ãµes na seleÃ§Ã£o do ano da FIFA:  1âƒ£6âƒ£ - Lionel Messi ğŸ‡¦ğŸ‡· 1âƒ£5âƒ£ - Cristiano Ronaldo ğŸ‡µğŸ‡¹  1âƒ£1âƒ£ - Sergio Ramos ğŸ‡ªğŸ‡¸ 9âƒ£ - AndrÃ©s Iniesta ğŸ‡ªğŸ‡¸ 8âƒ£ - Dani Alves ğŸ‡§ğŸ‡· 6âƒ£ - Xavi ğŸ‡ªğŸ‡¸ 6âƒ£ - Marcelo ğŸ‡§ğŸ‡· 6âƒ£ - Luka ModriÄ‡ ğŸ‡­ğŸ‡· https://t.co/o4NTbLJwGa";5;7;63;498;pt;1227023092934946818;1630318051848536066;CuriosidadesEU;https://twitter.com/CuriosidadesEU/status/1630318051848536066
Mon Feb 27 21:24:16 +0000 2023;1630317920503955459;"Cristiano Ronaldo is absent from the FIFA XI of the year for the first time since 2007. âŒ https://t.co/qoYkQCLbxC";8;31;60;866;en;462312323;1630317920503955459;Football__Tweet;https://twitter.com/Football__Tweet/status/1630317920503955459
Mon Feb 27 21:22:00 +0000 2023;1630317347675439105;"Was Cristiano Ronaldo named in the FIFPro World 11?  2007 - Yes 2008 - Yes 2009 - Yes 2010 - Yes 2011 - Yes 2012 - Yes 2013 - Yes 2014 - Yes 2015 - Yes 2016 - Yes 2017 - Yes 2018 - Yes 2019 - Yes 2020 - Yes 2021 - Yes 2022 - No  The streak is over. #TheBest";19;13;66;499;en;385473825;1630317347675439105;Squawka;https://twitter.com/Squawka/status/1630317347675439105
Mon Feb 27 21:21:11 +0000 2023;1630317145266733058;"This exactly is the reason why I will always rank Ronaldo higher than anyone else, footballâ€™s biggest organisations, media, players all were/are against him and he managed to come out on top https://t.co/8J41L0uJNC";3;5;107;712;en;1432583918004277250;1630317145266733058;J4EGOLDBERG;https://twitter.com/J4EGOLDBERG/status/1630317145266733058
Mon Feb 27 21:19:16 +0000 2023;1630316659306033154;"FIFA showing a picture of Ronaldo on the bench clearly shows why they are Messi Fans and did everything for him to winğŸ¤¦ğŸ¾â€â™‚ï¸ https://t.co/cSFs0ryguz";41;246;410;4780;en;1267067442884481027;1630316659306033154;the_marcoli_boy;https://twitter.com/the_marcoli_boy/status/1630316659306033154
Mon Feb 27 21:19:09 +0000 2023;1630316630109573129;"Cristiano Ronaldo's unbelievable streak of 15 consecutive inclusions comes to end ğŸ‘";1;16;34;868;en;1233869375691730944;1630316627450273793;mvsrapp;https://twitter.com/mvsrapp/status/1630316630109573129
Mon Feb 27 21:17:09 +0000 2023;1630316128554881025;"FIFA donâ€™t even try to hide the agenda they have against Cristiano Ronaldo https://t.co/RYGia6C5kK";12;31;212;2063;en;1359716763823312899;1630316128554881025;erlingtxt;https://twitter.com/erlingtxt/status/1630316128554881025
Mon Feb 27 21:10:41 +0000 2023;1630314503186333700;"Ronaldo's biggest achievement in football was winning the Ballon D'or 5 times in this rigged system. Messi's biggest achievement is winning the Fifa Best player with 4 penalties. Goats ğŸğŸ https://t.co/5JDxNOkh4z";36;500;528;6556;en;1145137598379282432;1630314503186333700;gyaigyimii;https://twitter.com/gyaigyimii/status/1630314503186333700
Mon Feb 27 20:49:22 +0000 2023;1630309137556074497;"@Vettel_AMR Something Ronaldo will never win. https://t.co/sRnGyhXydF";1;31;86;2648;en;274869035;1630308642011459584;ExclusiveMessi;https://twitter.com/ExclusiveMessi/status/1630309137556074497
Mon Feb 27 20:48:50 +0000 2023;1630309001563893761;"Ronaldo Nazario on The Best:   â€œMessi deserves the award for the best player. The World Cup weighs heavily on those who vote. It is very clear that today he wins once again." https://t.co/DjKwmRtKRx";1;2;65;999;en;1428717436241653764;1630309001563893761;CrewsMat10;https://twitter.com/CrewsMat10/status/1630309001563893761
Mon Feb 27 20:47:39 +0000 2023;1630308703499853825;"@CFC_Janty As soon as Ronaldo won a ballon dor football fell off";0;24;17;1312;en;1156274710767919104;1630308147536510976;Will__AVFC;https://twitter.com/Will__AVFC/status/1630308703499853825
Mon Feb 27 20:39:16 +0000 2023;1630306596378255360;"Ronaldo deserved Puskas for this goal, Robbery ğŸ˜¡ https://t.co/ppycxc23i1";4;36;170;2262;en;1228693340734083072;1630306596378255360;breathMessi21;https://twitter.com/breathMessi21/status/1630306596378255360
Mon Feb 27 20:20:06 +0000 2023;1630301769505832960;"Messi fans really think we care about the FIFA best award ğŸ˜­ğŸ˜­  Ronaldo already has three https://t.co/8L3uOjszkC";22;215;335;5219;en;1452658453063819269;1630301769505832960;Total_Zlatan;https://twitter.com/Total_Zlatan/status/1630301769505832960
Mon Feb 27 20:17:58 +0000 2023;1630301232857247746;"The Event looks so dull without Ronaldo https://t.co/r8ZudkHq6c";5;36;55;863;en;1267067442884481027;1630301232857247746;the_marcoli_boy;https://twitter.com/the_marcoli_boy/status/1630301232857247746
Mon Feb 27 20:17:39 +0000 2023;1630301154738405382;"Ronaldo and wife at FIFA the best ceremony Vs Messi and wife   Difference is too clear, choose your goat wisely ğŸ¤­ https://t.co/8Y84ptm187";24;225;210;3635;en;961933019853524992;1630301154738405382;modap_;https://twitter.com/modap_/status/1630301154738405382
Mon Feb 27 20:16:31 +0000 2023;1630300869446205440;"Messi &amp  Ronaldo. Football. https://t.co/NlRiVrxLLB";0;9;60;998;en;1287288253326876673;1630300869446205440;ManagingBarca;https://twitter.com/ManagingBarca/status/1630300869446205440
Mon Feb 27 20:11:52 +0000 2023;1630299699411312640;"Image: Leo Messi and Ronaldo Nazario during The Best ceremony. https://t.co/e4AOSKQxuI";31;25;147;4664;en;885972982052597761;1630299699411312640;BarcaUniversal;https://twitter.com/BarcaUniversal/status/1630299699411312640
Mon Feb 27 20:09:28 +0000 2023;1630299096899788801;"Messi having a conversation with Ronaldo ğŸ‡¦ğŸ‡·ğŸ‡§ğŸ‡· https://t.co/ODEWEOb8kg";28;11;360;6290;en;1370641767830233091;1630299096899788801;LeoMessiMedia;https://twitter.com/LeoMessiMedia/status/1630299096899788801
Mon Feb 27 20:03:08 +0000 2023;1630297501302419456;"Madrid should not forget what they did to Ronaldo because of Modricâ€™s World Cup performance. Keep the same energy now ğŸ‘ Messi and Martinez deserves the Fifa best https://t.co/Yaqnndtg9U";16;88;358;4994;en;1145137598379282432;1630297501302419456;gyaigyimii;https://twitter.com/gyaigyimii/status/1630297501302419456
Mon Feb 27 19:59:06 +0000 2023;1630296487388168192;"Whose Funeral is Messi attending? Ronaldo will always be clear https://t.co/h93f9IczuX";5;82;76;1163;en;1267067442884481027;1630296487388168192;the_marcoli_boy;https://twitter.com/the_marcoli_boy/status/1630296487388168192
Mon Feb 27 19:58:27 +0000 2023;1630296324452098051;"Messi &amp  Antonella wearing black tonight in memory of Ronaldoâ€™s career.   ğŸ˜­ğŸ˜­ğŸ˜­ğŸ˜­ğŸ˜­ https://t.co/KREEgsi5ZL";22;53;220;1645;en;1192838592;1630296324452098051;UgoOsinobi;https://twitter.com/UgoOsinobi/status/1630296324452098051
Mon Feb 27 19:53:28 +0000 2023;1630295070535557129;"Ronaldo has arrived! ğŸ‡§ğŸ‡·ğŸŒŸ https://t.co/mfF57nUgbe";17;77;67;2534;en;3324689194;1630295070535557129;TheEuropeanLad;https://twitter.com/TheEuropeanLad/status/1630295070535557129
Mon Feb 27 19:53:27 +0000 2023;1630295063480680450;"â—  Cristiano Ronaldo could be awarded a Carabao Cup medal due to the EFL rule should Manchester United allow it. https://t.co/2jQwaKfncH";72;221;710;17290;en;2427599888;1630295063480680450;TimelineCR7;https://twitter.com/TimelineCR7/status/1630295063480680450
Mon Feb 27 19:51:32 +0000 2023;1630294580431052801;"ğŸ—£ Ronaldo: "For the next three years, us Brazilians will have to put up with it. Jokes aside, Argentina deserves to win everything." Via @TyCSports and @gastonedul. https://t.co/D2AsllMzVF";8;15;329;5680;en;382431601;1630294580431052801;RoyNemer;https://twitter.com/RoyNemer/status/1630294580431052801
Mon Feb 27 19:51:25 +0000 2023;1630294551561682952;"The time Ronaldo for win the Ballon Dor Madrid fans go push Modric cos Ronaldo leff. U people said Modric performed at the World Cup so he deserved it . Why are you crying now that they are using the same format to award Messi ahead of Benzema. You squad dey deserve am waaa";11;52;180;1827;en;1145137598379282432;1630294551561682952;gyaigyimii;https://twitter.com/gyaigyimii/status/1630294551561682952
Mon Feb 27 19:44:58 +0000 2023;1630292929771196416;"Ronaldo: â€œIt is an act of justice that Messi has won the World Cup. Iâ€™m sure that tonight will be an Argentine night.â€ @gastonedul ğŸ—£ï¸ğŸ‡¦ğŸ‡· https://t.co/7DvIEaq0tP";23;25;492;6577;en;1447233497731674117;1630292929771196416;AlbicelesteTalk;https://twitter.com/AlbicelesteTalk/status/1630292929771196416
Mon Feb 27 19:44:04 +0000 2023;1630292703010340866;"Real Madrid fans are angry Benzema and Courtois are being robbed. Remember when you guys have Ronaldoâ€™s Ballon dor to Modric just because he left to Juventus. Karma";16;73;225;2727;en;1145137598379282432;1630292703010340866;gyaigyimii;https://twitter.com/gyaigyimii/status/1630292703010340866
Mon Feb 27 19:41:36 +0000 2023;1630292082802786304;"Ronaldo Nazario: "I think Messi will win FIFA The Best award tonight because he won the World Cup, which is a very big tournament. He shone during the World Cup. He deserves the award." https://t.co/exnUx7tO9P";12;37;235;3725;en;885972982052597761;1630292082802786304;BarcaUniversal;https://twitter.com/BarcaUniversal/status/1630292082802786304
Mon Feb 27 19:38:57 +0000 2023;1630291414931087362;"Ronaldo ğŸ—£ï¸: "I think Messi will be crowned today because he won the World Cup and he was outstanding. He deserves the award." ğŸ‡§ğŸ‡·ğŸ¤ğŸ‡¦ğŸ‡· https://t.co/KcUQRZXS5V";5;8;123;1346;en;1410248296199720962;1630291414931087362;TeamLeo10i;https://twitter.com/TeamLeo10i/status/1630291414931087362
Mon Feb 27 19:38:52 +0000 2023;1630291396224782336;"ğŸš¨ Ronaldo: â€œI think Messi will win tonight because he won the World Cup. He shined in it &amp  he will fully deserve this award.â€ https://t.co/Asx8RMdqU8";23;44;542;9898;en;1287288253326876673;1630291396224782336;ManagingBarca;https://twitter.com/ManagingBarca/status/1630291396224782336
Mon Feb 27 19:37:35 +0000 2023;1630291073082834944;"#FIFATHEBEST  ğŸ—£ Ronaldo Nazario: "Leo Messi will be crowned because he has an exceptional WC and won it, which is a very big tournament.. He deserves the award." https://t.co/G62OyxD4bu";6;19;271;3258;en;1422492366435389440;1630291073082834944;psg_chief;https://twitter.com/psg_chief/status/1630291073082834944
Mon Feb 27 19:34:49 +0000 2023;1630290376178425856;"Cristiano Ronaldo in training.  Happiness â™¥ï¸ https://t.co/tjFO8RNSa5";1;14;184;2750;en;1229600073295618048;1630290376178425856;CristianoXtra_;https://twitter.com/CristianoXtra_/status/1630290376178425856
Mon Feb 27 18:21:21 +0000 2023;1630271888588169216;"In 2002, Ronaldo won the Ballon d'Or. He had 10 goals and 5 assists in all competitions with Inter Milan and Real Madrid over the course of 2002, but won the WC scoring 8 times and assisting 1, no one will tell you that's rigged but when it comes to Messi.... https://t.co/OewbYxXXsu";45;78;1021;8346;en;1505804950659473409;1630271888588169216;MagicalXavi;https://twitter.com/MagicalXavi/status/1630271888588169216
Mon Feb 27 17:59:34 +0000 2023;1630266403235463169;"Benzema understanding the kind of corruption Cristiano Ronaldo was up against all these years. https://t.co/DB7sV3FQc7";39;170;1734;14235;en;1431309811807756330;1630266403235463169;MadridPreeti;https://twitter.com/MadridPreeti/status/1630266403235463169
Mon Feb 27 17:51:26 +0000 2023;1630264358482636806;"ğŸš¨ğŸ—£FIFA President, Gianni Infantino on Cristiano Ronaldo showing up for the Ceremony: "I don't know who invited him,I didn't." @lequipeğŸ… https://t.co/2exIMgvC1q";84;126;777;12379;en;1408482871266918401;1630264358482636806;LM10_BLAUGRANA;https://twitter.com/LM10_BLAUGRANA/status/1630264358482636806
Mon Feb 27 17:29:25 +0000 2023;1630258816582406147;"ğŸš¨Cristiano Ronaldo's official FIFA The Best ranking: #369 @FIFAcomğŸ… https://t.co/fZj17YVj5u";485;329;1258;18055;en;1408482871266918401;1630258816582406147;LM10_BLAUGRANA;https://twitter.com/LM10_BLAUGRANA/status/1630258816582406147
Mon Feb 27 17:15:56 +0000 2023;1630255423969173511;"Crazy to think Messi went from competing against Ronaldo for the Ballon dâ€™Or to now competing against a kid who grew up idolizing Ronaldo.  Unmatched longevity ğŸ https://t.co/DUKhfcxpIa";4;11;114;984;en;985172054;1630255423969173511;FootballFunnnys;https://twitter.com/FootballFunnnys/status/1630255423969173511
Mon Feb 27 17:05:01 +0000 2023;1630252678847815680;"It's crazy how Kylian Mbappe grew up admiring Ronaldo in his prime and now Mbappe in his prime is competing with 35 yr old Lionel Messi!ğŸ            FIFA THE BEST! https://t.co/ovkJzgeGtx";1;8;66;1012;en;1420334977850482689;1630252678847815680;MightyLeftFut;https://twitter.com/MightyLeftFut/status/1630252678847815680
Mon Feb 27 16:46:35 +0000 2023;1630248039981121536;"ğŸš¨ TOTW 18 could be crazy   â€¢ Mbappe ğŸ‡«ğŸ‡· 93 - âš½ï¸âš½ï¸ğŸ…°ï¸ â€¢ Messi ğŸ‡¦ğŸ‡· 92 - âš½ï¸ğŸ…°ï¸ğŸ…°ï¸ â€¢ Ronaldo ğŸ‡µğŸ‡¹ 92 - âš½ï¸âš½ï¸âš½ï¸ â€¢ Coman ğŸ‡«ğŸ‡· 89 - âš½ï¸ğŸ…°ï¸ â€¢ Muller ğŸ‡©ğŸ‡ª 88 - ğŸ…°ï¸ğŸ…°ï¸ â€¢ Foden ğŸ´ó §ó ¢ó ¥ó ®ó §ó ¿ 87 - âš½ï¸ğŸ…°ï¸ â€¢ Werner ğŸ‡©ğŸ‡ª 87 - âš½ï¸ğŸ…°ï¸ â€¢ Candreva ğŸ‡®ğŸ‡¹ 86 - âš½ï¸ğŸ…°ï¸ğŸ…°ï¸ â€¢ Ings ğŸ´ó §ó ¢ó ¥ó ®ó §ó ¿ 84 - âš½ï¸âš½ï¸  Please EAâ€¦  #FIFA23";9;69;57;3836;en;1038289470284607488;1630248039981121536;FUT24News;https://twitter.com/FUT24News/status/1630248039981121536
Mon Feb 27 16:20:57 +0000 2023;1630241586167820288;"My favourite genre of Manchester United fans are those who still love and respect Cristiano Ronaldo. https://t.co/MBDYrnGGjz";25;246;607;10336;en;1514045582968598530;1630241586167820288;CFC_Janty;https://twitter.com/CFC_Janty/status/1630241586167820288
Mon Feb 27 16:04:19 +0000 2023;1630237400298569728;"Throwback to when Cristiano Ronaldo asked to be subbed off following a battle against Chelseaâ€™s Ashley Cole. ğŸ‘€ https://t.co/kgoHGCKuNJ";152;136;1094;12348;en;471436748;1630237400298569728;FootyHumour;https://twitter.com/FootyHumour/status/1630237400298569728
Mon Feb 27 15:36:28 +0000 2023;1630230391654064129;"Cristiano Ronaldo could be awarded a Carabao Cup medal due to EFL rule should #mufc allow it.  https://t.co/q0qd4SVUXF";16;64;74;1375;en;1230516935072321537;1630230391654064129;UtdDistrict;https://twitter.com/UtdDistrict/status/1630230391654064129
Mon Feb 27 15:25:33 +0000 2023;1630227644955648000;"ğŸ”¥ğŸ†ğŸ”¥ Most wins of the FIFA THE BEST award since its inception:  ğŸ‡¦ğŸ‡· Lionel Messi - 6 ğŸ¥‡ times ğŸ‡µğŸ‡¹ Cristiano Ronaldo - 5 ğŸ¥ˆ times ğŸ‡«ğŸ‡· Zinedine Zidane - 3 times ğŸ‡§ğŸ‡· Ronaldo Nazario - 3 times  ğŸ”¥ğŸ†ğŸ”¥ If Lionel Messi wins the award today, itâ€™ll be his record 7th win! ğŸ https://t.co/jhl2NxSbPj";2;5;88;796;en;1215246564706410498;1630227644955648000;TheFTBLIndex;https://twitter.com/TheFTBLIndex/status/1630227644955648000
Mon Feb 27 15:18:56 +0000 2023;1630225980156530689;"Portugal is the only country in the world that has both a player and a coach to win all of football's top 3 leagues:  â€¢ JosÃ© Mourinho (3xğŸ´ó §ó ¢ó ¥ó ®ó §ó ¿, 2xğŸ‡®ğŸ‡¹, 1xğŸ‡ªğŸ‡¸) â€¢ Cristiano Ronaldo (3xğŸ´ó §ó ¢ó ¥ó ®ó §ó ¿, 2xğŸ‡®ğŸ‡¹, 2xğŸ‡ªğŸ‡¸)  ğŸğŸ‡µğŸ‡¹ğŸ https://t.co/ifgf8sNsGI";6;10;456;3706;en;1417596474091786248;1630225980156530689;Iconic_Mourinho;https://twitter.com/Iconic_Mourinho/status/1630225980156530689
Mon Feb 27 14:41:47 +0000 2023;1630216631342301184;"@TeamCRonaldo I speak for every United fan when I say Cristiano Ronaldo is the greatest ever to wear the victorious red.";2;50;14;841;en;1606563819056238592;1630188979005034496;aymallseven;https://twitter.com/aymallseven/status/1630216631342301184
Mon Feb 27 14:28:59 +0000 2023;1630213408384593921;"Daily reminder that Cristiano Ronaldo is the GOAT and no one else comes close.  ğŸ. https://t.co/B9PbwbH8Ia";13;159;458;5526;en;2192335506;1630213408384593921;TeamCRonaldo;https://twitter.com/TeamCRonaldo/status/1630213408384593921
Mon Feb 27 14:06:25 +0000 2023;1630207729879994370;"ğŸ‡®ğŸ‡© Indonesia are a team on the rise.   - Qualified top of group for U20 Asia Cup  - Impressed in an U20 tournament in Spain back in November  - Exciting talent like Marselino Ferdinan and Ronaldo Kwateh moving to Europe  One to watch at the upcoming U20 Asia Cup. ğŸ‘€ https://t.co/u3EnJWStZX";6;21;132;1005;en;1557836689;1630207729879994370;BenBocsak;https://twitter.com/BenBocsak/status/1630207729879994370
Mon Feb 27 13:48:00 +0000 2023;1630203094897405955;"Cristiano Ronaldo in 2023:  - Most Hattricks - Most Match Winners - Most Goals per min - Most G+A Ratio  - Most Player of the Match  InevitableğŸ https://t.co/fdCVHLLg86";1;16;79;1069;en;1396816952392396801;1630203094897405955;EverythingCR7_;https://twitter.com/EverythingCR7_/status/1630203094897405955
Mon Feb 27 13:30:51 +0000 2023;1630198780694855682;"Benzema and Courtois being robbed of individual awards   Ronaldo: https://t.co/KQwiL1QkWL";71;207;2963;23658;en;851933132970438656;1630198780694855682;IconicCristiano;https://twitter.com/IconicCristiano/status/1630198780694855682
Mon Feb 27 13:09:01 +0000 2023;1630193286664290307;"Most Hat-tricks by active players:  1. Cristiano Ronaldo - 62 2. Lionel Messi - 56 3. Cristiano Ronaldo after turning 30 - 32 4. Robert Lewandowski - 30 5. Luis Suarez - 30  Not done yet ğŸ https://t.co/UrEAjR2y9V";4;32;215;3203;en;1229600073295618048;1630193286664290307;CristianoXtra_;https://twitter.com/CristianoXtra_/status/1630193286664290307
Mon Feb 27 12:58:54 +0000 2023;1630190741237686272;"NTR fans going to do Negative trend and giving R@pe threats to Monica Gleberman https://t.co/eEdbSmvgQU";19;37;398;741;en;1179074071977328640;1630190741237686272;ronaldo_mb_dhf;https://twitter.com/ronaldo_mb_dhf/status/1630190741237686272
Mon Feb 27 12:01:06 +0000 2023;1630176194640621569;"@ESPNFC â€œLionel Messi reached 700 club goals in 103 fewer games than Cristiano Ronaldo ğŸ‘€â€ https://t.co/E4DszQJZwm";1;18;15;1210;en;2207874012;1630175919733178368;RutaUTD;https://twitter.com/RutaUTD/status/1630176194640621569
Mon Feb 27 12:00:01 +0000 2023;1630175919733178368;"Lionel Messi reached 700 club goals in 103 fewer games than Cristiano Ronaldo ğŸ‘€ https://t.co/9E08A8W42V";644;1719;6915;88784;en;18091004;1630175919733178368;ESPNFC;https://twitter.com/ESPNFC/status/1630175919733178368
Mon Feb 27 11:33:44 +0000 2023;1630169308138725378;"@TeamCRonaldo Goals in 2023   Me - 27 ( Bengaluru super leauge) Ronaldo -10(Saudi leauge) Mbappe -10 (Europe top 5 leauge) Haaland -6(Europe top 5 leauge)  I'm competing with everyone I'm better than everyone ğŸ˜ğŸ˜ğŸ˜";5;43;75;1944;en;1391699394085330947;1630161819158585344;MessiHarsha;https://twitter.com/MessiHarsha/status/1630169308138725378
Mon Feb 27 11:26:18 +0000 2023;1630167436736577536;"ğŸ“¸ Cristiano Ronaldo with the Saudi Minister of Sports yesterday.  https://t.co/fH66LlzVhj";1;8;120;2703;en;2427599888;1630167436736577536;TimelineCR7;https://twitter.com/TimelineCR7/status/1630167436736577536
Mon Feb 27 11:22:57 +0000 2023;1630166593878761474;"@TeamCRonaldo Goals in 2023 outside top 60 league:- ğŸ‡µğŸ‡¹ Ronaldo - 10 ğŸ‡¸ğŸ‡¦ Shawerma -10 ğŸ‡¸ğŸ‡¦ Madrasa Maulvi -6  don't feel embarrassed bro.";0;9;27;1053;en;1263507756679483392;1630161819158585344;unmessy_22;https://twitter.com/unmessy_22/status/1630166593878761474
Mon Feb 27 11:03:59 +0000 2023;1630161819158585344;"Goals in 2023:  ğŸ‡µğŸ‡¹ Ronaldo - 10 ğŸ‡«ğŸ‡· MbappÃ© - 10 ğŸ‡³ğŸ‡´ Haaland - 6  Cristiano Ronaldo is 38 years old and he's competing with prime mbappe and haaland.  GOAT For a reason. https://t.co/RiJPFeRkgf";248;756;1473;21584;en;2192335506;1630161819158585344;TeamCRonaldo;https://twitter.com/TeamCRonaldo/status/1630161819158585344
Mon Feb 27 10:54:49 +0000 2023;1630159514585407489;"Cristiano Ronaldo has scored more hat-tricks after the age of 30 than before 30. ğŸ¤¯ https://t.co/yig101QAC3";3;35;237;4977;en;1095417811801915392;1630159514585407489;totalcristiano;https://twitter.com/totalcristiano/status/1630159514585407489
Mon Feb 27 10:52:26 +0000 2023;1630158915106217984;"ğŸš¨BIG BREAKING: Star Sports will broadcast all of Ronaldoâ€™s world cup knockout stage goals this evening In 'FIFA The Best Gala 2023' &amp  it will be started by 6:00pm and end by 6:00pm. https://t.co/0sznYBLazk";16;69;263;2889;en;1543233768978546688;1630158915106217984;Troll_Fotballl;https://twitter.com/Troll_Fotballl/status/1630158915106217984
Mon Feb 27 10:48:22 +0000 2023;1630157891931078656;"Your idol literally won the ballon dor in 2010 by scoring 0 goals in the entire campaign of wc 2010.  No Evidence found on Ronaldo but klaudia from her basement thinks Ronaldo is rapist.";4;31;76;589;en;1279318216532127744;1630157891931078656;RonaldoW7_;https://twitter.com/RonaldoW7_/status/1630157891931078656
Mon Feb 27 10:42:30 +0000 2023;1630156415347093504;"Honestly, you can tell the fact United have indisputably got better since Ronaldo left is eating him up inside";9;38;633;15091;en;2565067392;1630156415347093504;Casey_Evans_;https://twitter.com/Casey_Evans_/status/1630156415347093504
Mon Feb 27 10:12:47 +0000 2023;1630148933354762240;"Casermiro has got his team-mates playing again and now winning trophies. His performance against Newcastle in the EFL Cup final was a leader's performance. Casemiro has done precisely what Ronaldo failed to do and that was unite the #MUFC playeds and he is now a fan favourite https://t.co/wafmGmLVXj";1;5;30;369;en;1726450196;1630148933354762240;United4fans;https://twitter.com/United4fans/status/1630148933354762240
Mon Feb 27 09:26:26 +0000 2023;1630137271344148480;"â—  Cristiano Ronaldo is the player with the MOST number of wins in football history (754).  1. Cristiano Ronaldo (754 wins)  2. Casillas (690 wins) 3. Messi (688 wins) https://t.co/47UEJFgguZ";41;145;1733;22989;en;2427599888;1630137271344148480;TimelineCR7;https://twitter.com/TimelineCR7/status/1630137271344148480
Mon Feb 27 08:01:49 +0000 2023;1630115974874554369;"A young Cristiano Ronaldo with the FA Cup trophy, 2004. ğŸ”´ ğŸ“¸ https://t.co/0SFFBf5aYd";2;12;106;1797;en;2192335506;1630115974874554369;TeamCRonaldo;https://twitter.com/TeamCRonaldo/status/1630115974874554369
Mon Feb 27 07:42:21 +0000 2023;1630111077106176000;"Messi and Mbappe the best duo now â¤ï¸ğŸ”¥â€¦. They will be competing for FIFA the Best award tonight ğŸ˜€ğŸ˜€ğŸ”¥ https://t.co/ijrq85m2qC";0;11;92;711;en;1182627845291630594;1630111077106176000;Ghana_Ronaldo;https://twitter.com/Ghana_Ronaldo/status/1630111077106176000
Mon Feb 27 07:34:36 +0000 2023;1630109126889013251;"ESPN: Ronaldo throws violent punches at his son!!! ğŸ˜† https://t.co/yKJneuevI1";6;23;93;679;en;1292774848851251200;1630109126889013251;imbrakoby;https://twitter.com/imbrakoby/status/1630109126889013251
Mon Feb 27 07:15:04 +0000 2023;1630104213052178434;"ğŸ—£ï¸"Bro was just waiting to leave."  Cristiano Ronaldo's reaction to Jake Paul's loss caught on camera, he looked far from impressed ğŸ‘€ https://t.co/rFjKWJb3to";19;50;120;4563;en;435225922;1630104213052178434;sportbible;https://twitter.com/sportbible/status/1630104213052178434
Mon Feb 27 07:04:41 +0000 2023;1630101599614844928;"Cristiano Ronaldo has now scored against 268 DIFFERENT goalkeepers .   The most in history ğŸ”¥ğŸ”¥ https://t.co/nauRJrg5zK";1;8;56;716;en;1273235515530186752;1630101599614844928;Cristia82137311;https://twitter.com/Cristia82137311/status/1630101599614844928
Mon Feb 27 06:53:40 +0000 2023;1630098827725221889;"@Desmund_Oris Ronaldo: Great feeling to have scored a goal and two assist. Also the first player to reach 700th club career goals in a very Solid win Letâ€™s go bang more goals ğŸ«¡ğŸ’ªğŸ¿";12;48;40;685;en;1158807456836964354;1630094797909245955;Jimmy_unusual;https://twitter.com/Jimmy_unusual/status/1630098827725221889
Mon Feb 27 05:53:14 +0000 2023;1630083618755207173;"League Goals in 2023:  Cristiano Ronaldo: 8 ğŸ Messi, neymar and mbappe combined : 8  We are putting up a show! https://t.co/tKv6A76xCA";37;276;545;8660;en;2192335506;1630083618755207173;TeamCRonaldo;https://twitter.com/TeamCRonaldo/status/1630083618755207173
Mon Feb 27 05:23:37 +0000 2023;1630076163388321794;"Cristiano Ronaldo dominated English Football like none other that they hate him so much for it.ğŸ˜‚ https://t.co/a0kPnN8F9S";0;9;158;2630;en;2192335506;1630076163388321794;TeamCRonaldo;https://twitter.com/TeamCRonaldo/status/1630076163388321794
Mon Feb 27 05:05:18 +0000 2023;1630071554523422720;"@markgoldbridge You could have literally used arsenal but you went after Ronaldo when heâ€™s literally won so much for united. ğŸ€";1;28;54;1515;en;851933132970438656;1629959250188414976;IconicCristiano;https://twitter.com/IconicCristiano/status/1630071554523422720
Mon Feb 27 04:22:48 +0000 2023;1630060858339647488;"Luiz Gustavo:  "Cristiano Ronaldo lives in good spirits in his new life in Saudi Arabia with Al-Nassr." https://t.co/45ITITVbv0";1;8;166;3903;en;1229600073295618048;1630060858339647488;CristianoXtra_;https://twitter.com/CristianoXtra_/status/1630060858339647488
Mon Feb 27 02:48:18 +0000 2023;1630037076090712068;"Yes we prefer Wout Weghorst over Ronaldo who doesnâ€™t whine like a baby when heâ€™s on the bench or subbed on and plays when heâ€™s told to. Youâ€™re obsessed with United. Keep crying ğŸ˜­ğŸ˜­ğŸ˜­";1;17;45;571;en;1001120556;1630037076090712068;appy_desai;https://twitter.com/appy_desai/status/1630037076090712068
Mon Feb 27 01:33:35 +0000 2023;1630018272950358017;"Cristiano Ronaldo with the Sports minister of Saudi Arabia Abdulaziz bin Turki Al Saud â™¥ï¸ https://t.co/S4A7eibbnw";6;7;232;5494;en;1229600073295618048;1630018272950358017;CristianoXtra_;https://twitter.com/CristianoXtra_/status/1630018272950358017
Mon Feb 27 01:24:24 +0000 2023;1630015962740322304;"Ronaldo was a flop at Juve for 100 goals in 3 seasons but Messi who averages about 0.4 goals a game they say â€˜scores everywhere he goesâ€™";4;33;293;1726;en;1138840827399155714;1630015962740322304;bothgoats;https://twitter.com/bothgoats/status/1630015962740322304
